data,grupo,peso,variacao
2020-01-01,Alimentação e bebidas,19.3483,0.39
2020-01-01,Artigos de residência,3.7529,-0.07
2020-01-01,Comunicação,5.7146,0.12
2020-01-01,Despesas pessoais,10.733,0.35
2020-01-01,Educação,6.1485,0.16
2020-01-01,Habitação,15.5945,0.55
2020-01-01,Saúde e cuidados pessoais,13.5334,-0.32
2020-01-01,Transportes,20.5979,0.32
2020-01-01,Vestuário,4.577,-0.48
2020-02-01,Alimentação e bebidas,19.3816,0.11
2020-02-01,Artigos de residência,3.7423,-0.08
2020-02-01,Comunicação,5.7096,0.21
2020-02-01,Despesas pessoais,10.7474,0.31
2020-02-01,Educação,6.1448,3.7
2020-02-01,Habitação,15.6461,-0.39
2020-02-01,Saúde e cuidados pessoais,13.4612,0.73
2020-02-01,Transportes,20.6217,-0.23
2020-02-01,Vestuário,4.5455,-0.73
2020-03-01,Alimentação e bebidas,19.3545,1.13
2020-03-01,Artigos de residência,3.7298,-1.08
2020-03-01,Comunicação,5.7077,0.04
2020-03-01,Despesas pessoais,10.7541,-0.23
2020-03-01,Educação,6.356,0.59
2020-03-01,Habitação,15.547,0.13
2020-03-01,Saúde e cuidados pessoais,13.5247,0.21
2020-03-01,Transportes,20.5255,-0.9
2020-03-01,Vestuário,4.5008,0.21
2020-04-01,Alimentação e bebidas,19.5588,1.79
2020-04-01,Artigos de residência,3.6874,-1.37
2020-04-01,Comunicação,5.7055,-0.2
2020-04-01,Despesas pessoais,10.7233,-0.14
2020-04-01,Educação,6.3893,0.0
2020-04-01,Habitação,15.5544,-0.1
2020-04-01,Saúde e cuidados pessoais,13.5438,-0.22
2020-04-01,Transportes,20.3299,-2.66
2020-04-01,Vestuário,4.5075,0.1
2020-05-01,Alimentação e bebidas,19.9696,0.24
2020-05-01,Artigos de residência,3.6487,0.58
2020-05-01,Comunicação,5.7106,0.24
2020-05-01,Despesas pessoais,10.7427,-0.04
2020-05-01,Educação,6.4098,0.02
2020-05-01,Habitação,15.5855,-0.25
2020-05-01,Saúde e cuidados pessoais,13.5533,-0.1
2020-05-01,Transportes,19.8534,-1.9
2020-05-01,Vestuário,4.5263,-0.58
2020-06-01,Alimentação e bebidas,20.0937,0.38
2020-06-01,Artigos de residência,3.6841,1.3
2020-06-01,Comunicação,5.7461,0.75
2020-06-01,Despesas pessoais,10.7785,-0.05
2020-06-01,Educação,6.4346,0.05
2020-06-01,Habitação,15.6048,0.04
2020-06-01,Saúde e cuidados pessoais,13.5915,0.35
2020-06-01,Transportes,19.5495,0.31
2020-06-01,Vestuário,4.5173,-0.46
2020-07-01,Alimentação e bebidas,20.1194,0.01
2020-07-01,Artigos de residência,3.7222,0.9
2020-07-01,Comunicação,5.7748,0.51
2020-07-01,Despesas pessoais,10.7453,-0.11
2020-07-01,Educação,6.4198,-0.12
2020-07-01,Habitação,15.5709,0.8
2020-07-01,Saúde e cuidados pessoais,13.6048,0.44
2020-07-01,Transportes,19.5577,0.78
2020-07-01,Vestuário,4.4849,-0.52
2020-08-01,Alimentação e bebidas,20.0474,0.78
2020-08-01,Artigos de residência,3.742,0.56
2020-08-01,Comunicação,5.7838,0.67
2020-08-01,Despesas pessoais,10.6963,-0.01
2020-08-01,Educação,6.3903,-3.47
2020-08-01,Habitação,15.6402,0.36
2020-08-01,Saúde e cuidados pessoais,13.6152,0.5
2020-08-01,Transportes,19.6398,0.82
2020-08-01,Vestuário,4.4449,-0.78
2020-09-01,Alimentação e bebidas,20.1553,2.28
2020-09-01,Artigos de residência,3.7537,1.0
2020-09-01,Comunicação,5.8089,0.15
2020-09-01,Despesas pessoais,10.6677,0.09
2020-09-01,Educação,6.1531,-0.09
2020-09-01,Habitação,15.6597,0.37
2020-09-01,Saúde e cuidados pessoais,13.6502,-0.64
2020-09-01,Transportes,19.7519,0.7
2020-09-01,Vestuário,4.3994,0.37
2020-10-01,Alimentação e bebidas,20.4823,1.93
2020-10-01,Artigos de residência,3.7668,1.53
2020-10-01,Comunicação,5.7815,0.21
2020-10-01,Despesas pessoais,10.6119,0.19
2020-10-01,Educação,6.1103,-0.04
2020-10-01,Habitação,15.6198,0.36
2020-10-01,Saúde e cuidados pessoais,13.478,0.28
2020-10-01,Transportes,19.7627,1.19
2020-10-01,Vestuário,4.3868,1.11
2020-11-01,Alimentação e bebidas,20.6985,2.54
2020-11-01,Artigos de residência,3.7917,0.86
2020-11-01,Comunicação,5.7448,0.29
2020-11-01,Despesas pessoais,10.5415,0.01
2020-11-01,Educação,6.0558,-0.02
2020-11-01,Habitação,15.5426,0.44
2020-11-01,Saúde e cuidados pessoais,13.4007,-0.13
2020-11-01,Transportes,19.8271,1.33
2020-11-01,Vestuário,4.3974,0.07
2020-12-01,Alimentação e bebidas,21.037,1.74
2020-12-01,Artigos de residência,3.7903,1.76
2020-12-01,Comunicação,5.7108,0.39
2020-12-01,Despesas pessoais,10.4488,0.65
2020-12-01,Educação,6.0007,0.48
2020-12-01,Habitação,15.4721,2.88
2020-12-01,Saúde e cuidados pessoais,13.2657,0.4
2020-12-01,Transportes,19.9125,1.36
2020-12-01,Vestuário,4.3621,0.59
2021-01-01,Alimentação e bebidas,21.1159,1.02
2021-01-01,Artigos de residência,3.8053,0.86
2021-01-01,Comunicação,5.6564,0.02
2021-01-01,Despesas pessoais,10.3787,0.39
2021-01-01,Educação,5.9514,0.13
2021-01-01,Habitação,15.7065,-1.07
2021-01-01,Saúde e cuidados pessoais,13.1419,0.32
2021-01-01,Transportes,19.9153,0.41
2021-01-01,Vestuário,4.3285,-0.07
2021-02-01,Alimentação e bebidas,21.2779,0.27
2021-02-01,Artigos de residência,3.8281,0.66
2021-02-01,Comunicação,5.6437,-0.13
2021-02-01,Despesas pessoais,10.3935,0.17
2021-02-01,Educação,5.9442,2.48
2021-02-01,Habitação,15.4995,0.4
2021-02-01,Saúde e cuidados pessoais,13.1514,0.62
2021-02-01,Transportes,19.9472,2.28
2021-02-01,Vestuário,4.3145,0.38
2021-03-01,Alimentação e bebidas,21.1537,0.13
2021-03-01,Artigos de residência,3.8203,0.69
2021-03-01,Comunicação,5.5897,-0.07
2021-03-01,Despesas pessoais,10.3231,0.04
2021-03-01,Educação,6.0399,-0.52
2021-03-01,Habitação,15.431,0.81
2021-03-01,Saúde e cuidados pessoais,13.1208,-0.02
2021-03-01,Transportes,20.2283,3.81
2021-03-01,Vestuário,4.2933,0.29
2021-04-01,Alimentação e bebidas,20.9873,0.4
2021-04-01,Artigos de residência,3.8109,0.57
2021-04-01,Comunicação,5.5345,0.08
2021-04-01,Despesas pessoais,10.2321,0.01
2021-04-01,Educação,5.9538,0.04
2021-04-01,Habitação,15.4148,0.22
2021-04-01,Saúde e cuidados pessoais,12.9988,1.19
2021-04-01,Transportes,20.8018,-0.08
2021-04-01,Vestuário,4.266,0.47
2021-05-01,Alimentação e bebidas,21.0047,0.44
2021-05-01,Artigos de residência,3.8207,1.25
2021-05-01,Comunicação,5.5221,0.21
2021-05-01,Despesas pessoais,10.204,0.21
2021-05-01,Educação,5.9389,0.06
2021-05-01,Habitação,15.401,1.78
2021-05-01,Saúde e cuidados pessoais,13.114,0.76
2021-05-01,Transportes,20.7223,1.15
2021-05-01,Vestuário,4.2723,0.92
2021-06-01,Alimentação e bebidas,20.923,0.43
2021-06-01,Artigos de residência,3.8362,1.09
2021-06-01,Comunicação,5.4881,-0.12
2021-06-01,Despesas pessoais,10.1417,0.29
2021-06-01,Educação,5.8941,0.05
2021-06-01,Habitação,15.5459,1.1
2021-06-01,Saúde e cuidados pessoais,13.1053,0.51
2021-06-01,Transportes,20.7895,0.41
2021-06-01,Vestuário,4.2762,1.21
2021-07-01,Alimentação e bebidas,20.9005,0.6
2021-07-01,Artigos de residência,3.8569,0.78
2021-07-01,Comunicação,5.4531,0.12
2021-07-01,Despesas pessoais,10.1174,0.45
2021-07-01,Educação,5.8659,0.18
2021-07-01,Habitação,15.635,3.1
2021-07-01,Saúde e cuidados pessoais,13.1031,-0.65
2021-07-01,Transportes,20.7635,1.52
2021-07-01,Vestuário,4.3047,0.53
2021-08-01,Alimentação e bebidas,20.827,1.39
2021-08-01,Artigos de residência,3.8497,0.99
2021-08-01,Comunicação,5.4085,0.23
2021-08-01,Despesas pessoais,10.0671,0.64
2021-08-01,Educação,5.8206,0.28
2021-08-01,Habitação,15.9679,0.68
2021-08-01,Saúde e cuidados pessoais,12.8966,-0.04
2021-08-01,Transportes,20.8764,1.46
2021-08-01,Vestuário,4.2862,1.02
2021-09-01,Alimentação e bebidas,20.9368,1.02
2021-09-01,Artigos de residência,3.8547,0.9
2021-09-01,Comunicação,5.3744,0.07
2021-09-01,Despesas pessoais,10.0425,0.56
2021-09-01,Educação,5.7851,-0.01
2021-09-01,Habitação,15.9375,2.56
2021-09-01,Saúde e cuidados pessoais,12.7816,0.39
2021-09-01,Transportes,20.9944,1.82
2021-09-01,Vestuário,4.2929,0.31
2021-10-01,Alimentação e bebidas,20.9075,1.17
2021-10-01,Artigos de residência,3.8445,1.27
2021-10-01,Comunicação,5.3161,0.54
2021-10-01,Despesas pessoais,9.9838,0.75
2021-10-01,Educação,5.7196,0.06
2021-10-01,Habitação,16.1584,1.04
2021-10-01,Saúde e cuidados pessoais,12.6843,0.39
2021-10-01,Transportes,21.1294,2.62
2021-10-01,Vestuário,4.2564,1.8
2021-11-01,Alimentação e bebidas,20.894,-0.04
2021-11-01,Artigos de residência,3.8453,1.03
2021-11-01,Comunicação,5.2791,0.09
2021-11-01,Despesas pessoais,9.9339,0.57
2021-11-01,Educação,5.6514,0.02
2021-11-01,Habitação,16.1251,1.03
2021-11-01,Saúde e cuidados pessoais,12.5773,-0.57
2021-11-01,Transportes,21.4134,3.35
2021-11-01,Vestuário,4.2804,0.95
2021-12-01,Alimentação e bebidas,20.6914,0.84
2021-12-01,Artigos de residência,3.8485,1.37
2021-12-01,Comunicação,5.2345,0.34
2021-12-01,Despesas pessoais,9.8961,0.56
2021-12-01,Educação,5.5989,0.05
2021-12-01,Habitação,16.1406,0.74
2021-12-01,Saúde e cuidados pessoais,12.3881,0.75
2021-12-01,Transportes,21.921,0.58
2021-12-01,Vestuário,4.2809,2.06
2022-01-01,Alimentação e bebidas,20.7127,1.11
2022-01-01,Artigos de residência,3.8728,1.82
2022-01-01,Comunicação,5.2143,1.05
2022-01-01,Despesas pessoais,9.8795,0.78
2022-01-01,Educação,5.5617,0.25
2022-01-01,Habitação,16.1423,0.16
2022-01-01,Saúde e cuidados pessoais,12.3893,0.36
2022-01-01,Transportes,21.8902,-0.11
2022-01-01,Vestuário,4.337,1.07
2022-02-01,Alimentação e bebidas,20.8296,1.28
2022-02-01,Artigos de residência,3.9224,1.76
2022-02-01,Comunicação,5.2416,0.29
2022-02-01,Despesas pessoais,9.9036,0.64
2022-02-01,Educação,5.545,5.61
2022-02-01,Habitação,16.0803,0.54
2022-02-01,Saúde e cuidados pessoais,12.3664,0.47
2022-02-01,Transportes,21.7507,0.46
2022-02-01,Vestuário,4.3603,0.88
2022-03-01,Alimentação e bebidas,20.8862,2.42
2022-03-01,Artigos de residência,3.9522,0.57
2022-03-01,Comunicação,5.204,-0.05
2022-03-01,Despesas pessoais,9.8677,0.59
2022-03-01,Educação,5.7971,0.15
2022-03-01,Habitação,16.0047,1.15
2022-03-01,Saúde e cuidados pessoais,12.3015,0.88
2022-03-01,Transportes,21.6316,3.02
2022-03-01,Vestuário,4.3551,1.82
2022-04-01,Alimentação e bebidas,21.0515,2.06
2022-04-01,Artigos de residência,3.9114,1.53
2022-04-01,Comunicação,5.1191,0.08
2022-04-01,Despesas pessoais,9.7687,0.48
2022-04-01,Educação,5.7142,0.06
2022-04-01,Habitação,15.9317,-1.14
2022-04-01,Saúde e cuidados pessoais,12.2147,1.77
2022-04-01,Transportes,21.9253,1.91
2022-04-01,Vestuário,4.3632,1.26
2022-05-01,Alimentação e bebidas,21.2604,0.48
2022-05-01,Artigos de residência,3.9303,0.66
2022-05-01,Comunicação,5.0686,0.72
2022-05-01,Despesas pessoais,9.7129,0.52
2022-05-01,Educação,5.6581,0.04
2022-05-01,Habitação,15.5845,-1.7
2022-05-01,Saúde e cuidados pessoais,12.3006,1.01
2022-05-01,Transportes,22.1124,1.34
2022-05-01,Vestuário,4.3723,2.11
2022-06-01,Alimentação e bebidas,21.261,0.8
2022-06-01,Artigos de residência,3.9376,0.55
2022-06-01,Comunicação,5.082,0.16
2022-06-01,Despesas pessoais,9.7192,0.49
2022-06-01,Educação,5.6342,0.09
2022-06-01,Habitação,15.2484,0.41
2022-06-01,Saúde e cuidados pessoais,12.3669,1.24
2022-06-01,Transportes,22.3071,0.57
2022-06-01,Vestuário,4.4436,1.67
2022-07-01,Alimentação e bebidas,21.2888,1.3
2022-07-01,Artigos de residência,3.9325,0.12
2022-07-01,Comunicação,5.0568,0.07
2022-07-01,Despesas pessoais,9.7016,1.13
2022-07-01,Educação,5.6014,0.06
2022-07-01,Habitação,15.2109,-1.05
2022-07-01,Saúde e cuidados pessoais,12.4358,0.49
2022-07-01,Transportes,22.2849,-4.51
2022-07-01,Vestuário,4.4873,0.58
2022-08-01,Alimentação e bebidas,21.7154,0.24
2022-08-01,Artigos de residência,3.9649,0.42
2022-08-01,Comunicação,5.0938,-1.1
2022-08-01,Despesas pessoais,9.8759,0.54
2022-08-01,Educação,5.6405,0.61
2022-08-01,Habitação,15.1476,0.1
2022-08-01,Saúde e cuidados pessoais,12.5817,1.31
2022-08-01,Transportes,21.4337,-3.37
2022-08-01,Vestuário,4.5464,1.69
2022-09-01,Alimentação e bebidas,21.8516,-0.51
2022-09-01,Artigos de residência,3.9973,-0.13
2022-09-01,Comunicação,5.0558,-2.08
2022-09-01,Despesas pessoais,9.9651,0.95
2022-09-01,Educação,5.6946,0.12
2022-09-01,Habitação,15.2117,0.6
2022-09-01,Saúde e cuidados pessoais,12.7941,0.57
2022-09-01,Transportes,20.7878,-1.98
2022-09-01,Vestuário,4.6419,1.77
2022-10-01,Alimentação e bebidas,21.8027,0.72
2022-10-01,Artigos de residência,4.0039,0.39
2022-10-01,Comunicação,4.9648,-0.48
2022-10-01,Despesas pessoais,10.089,0.57
2022-10-01,Educação,5.718,0.18
2022-10-01,Habitação,15.3463,0.34
2022-10-01,Saúde e cuidados pessoais,12.9041,1.16
2022-10-01,Transportes,20.4335,0.58
2022-10-01,Vestuário,4.7377,1.22
2022-11-01,Alimentação e bebidas,21.8295,0.53
2022-11-01,Artigos de residência,3.9956,-0.68
2022-11-01,Comunicação,4.9118,-0.14
2022-11-01,Despesas pessoais,10.0862,0.21
2022-11-01,Educação,5.6937,0.02
2022-11-01,Habitação,15.3072,0.51
2022-11-01,Saúde e cuidados pessoais,12.9753,0.02
2022-11-01,Transportes,20.4335,0.83
2022-11-01,Vestuário,4.7672,1.1
2022-12-01,Alimentação e bebidas,21.8586,0.66
2022-12-01,Artigos de residência,3.9526,0.64
2022-12-01,Comunicação,4.8851,0.5
2022-12-01,Despesas pessoais,10.0648,0.62
2022-12-01,Educação,5.671,0.19
2022-12-01,Habitação,15.3238,0.2
2022-12-01,Saúde e cuidados pessoais,12.9258,1.6
2022-12-01,Transportes,20.518,0.21
2022-12-01,Vestuário,4.8004,1.52
2023-01-01,Alimentação e bebidas,21.8645,0.59
2023-01-01,Artigos de residência,3.9531,0.7
2023-01-01,Comunicação,4.8795,2.09
2023-01-01,Despesas pessoais,10.065,0.76
2023-01-01,Educação,5.6471,0.36
2023-01-01,Habitação,15.2612,0.33
2023-01-01,Saúde e cuidados pessoais,13.0522,0.16
2023-01-01,Transportes,20.435,0.55
2023-01-01,Vestuário,4.8424,-0.27
2023-02-01,Alimentação e bebidas,21.8797,0.16
2023-02-01,Artigos de residência,3.9599,0.11
2023-02-01,Comunicação,4.9555,0.98
2023-02-01,Despesas pessoais,10.0872,0.44
2023-02-01,Educação,5.6368,6.28
2023-02-01,Habitação,15.2306,0.82
2023-02-01,Saúde e cuidados pessoais,13.0028,1.26
2023-02-01,Transportes,20.443,0.37
2023-02-01,Vestuário,4.8045,-0.24
2023-03-01,Alimentação e bebidas,21.7326,0.05
2023-03-01,Artigos de residência,3.9313,-0.27
2023-03-01,Comunicação,4.963,0.5
2023-03-01,Despesas pessoais,10.0472,0.38
2023-03-01,Educação,5.9407,0.1
2023-03-01,Habitação,15.2281,0.57
2023-03-01,Saúde e cuidados pessoais,13.0574,0.82
2023-03-01,Transportes,20.3466,2.11
2023-03-01,Vestuário,4.753,0.31
2023-04-01,Alimentação e bebidas,21.5922,0.71
2023-04-01,Artigos de residência,3.8931,0.17
2023-04-01,Comunicação,4.9529,0.08
2023-04-01,Despesas pessoais,10.0143,0.18
2023-04-01,Educação,5.9055,0.09
2023-04-01,Habitação,15.2082,0.48
2023-04-01,Saúde e cuidados pessoais,13.0736,1.49
2023-04-01,Transportes,20.6261,0.56
2023-04-01,Vestuário,4.734,0.79
2023-05-01,Alimentação e bebidas,21.6157,0.16
2023-05-01,Artigos de residência,3.8765,-0.23
2023-05-01,Comunicação,4.9263,0.21
2023-05-01,Despesas pessoais,9.9709,0.64
2023-05-01,Educação,5.8749,0.05
2023-05-01,Habitação,15.1875,0.67
2023-05-01,Saúde e cuidados pessoais,13.1892,0.93
2023-05-01,Transportes,20.6156,-0.57
2023-05-01,Vestuário,4.7433,0.47
2023-06-01,Alimentação e bebidas,21.5996,-0.66
2023-06-01,Artigos de residência,3.8587,-0.42
2023-06-01,Comunicação,4.9254,-0.14
2023-06-01,Despesas pessoais,10.0112,0.36
2023-06-01,Educação,5.8638,0.06
2023-06-01,Habitação,15.2544,0.69
2023-06-01,Saúde e cuidados pessoais,13.2812,0.11
2023-06-01,Transportes,20.451,-0.41
2023-06-01,Vestuário,4.7545,0.35
2023-07-01,Alimentação e bebidas,21.4729,-0.46
2023-07-01,Artigos de residência,3.8453,0.04
2023-07-01,Comunicação,4.9217,0.0
2023-07-01,Despesas pessoais,10.0544,0.38
2023-07-01,Educação,5.8715,0.13
2023-07-01,Habitação,15.3712,-1.01
2023-07-01,Saúde e cuidados pessoais,13.3052,0.26
2023-07-01,Transportes,20.383,1.5
2023-07-01,Vestuário,4.7746,-0.24
2023-08-01,Alimentação e bebidas,21.3465,-0.85
2023-08-01,Artigos de residência,3.8418,-0.04
2023-08-01,Comunicação,4.916,-0.09
2023-08-01,Despesas pessoais,10.0812,0.38
2023-08-01,Educação,5.8727,0.69
2023-08-01,Habitação,15.199,1.11
2023-08-01,Saúde e cuidados pessoais,13.324,0.58
2023-08-01,Transportes,20.6621,0.34
2023-08-01,Vestuário,4.7566,0.54
2023-09-01,Alimentação e bebidas,21.114,-0.71
2023-09-01,Artigos de residência,3.8313,-0.58
2023-09-01,Comunicação,4.9007,-0.11
2023-09-01,Despesas pessoais,10.0968,0.45
2023-09-01,Educação,5.8991,0.05
2023-09-01,Habitação,15.332,0.47
2023-09-01,Saúde e cuidados pessoais,13.3704,0.04
2023-09-01,Transportes,20.6849,1.4
2023-09-01,Vestuário,4.7709,0.38
2023-10-01,Alimentação e bebidas,20.9114,0.31
2023-10-01,Artigos de residência,3.7995,0.46
2023-10-01,Comunicação,4.8825,-0.19
2023-10-01,Despesas pessoais,10.1153,0.27
2023-10-01,Educação,5.8868,0.05
2023-10-01,Habitação,15.3635,0.02
2023-10-01,Saúde e cuidados pessoais,13.3421,0.32
2023-10-01,Transportes,20.9221,0.35
2023-10-01,Vestuário,4.7767,0.45
2023-11-01,Alimentação e bebidas,20.9283,0.63
2023-11-01,Artigos de residência,3.8078,-0.42
2023-11-01,Comunicação,4.8612,-0.5
2023-11-01,Despesas pessoais,10.117,0.58
2023-11-01,Educação,5.875,0.02
2023-11-01,Habitação,15.3294,0.48
2023-11-01,Saúde e cuidados pessoais,13.3516,0.08
2023-11-01,Transportes,20.9426,0.27
2023-11-01,Vestuário,4.7871,-0.35
2023-12-01,Alimentação e bebidas,21.0046,1.11
2023-12-01,Artigos de residência,3.782,0.76
2023-12-01,Comunicação,4.8228,0.04
2023-12-01,Despesas pessoais,10.1469,0.48
2023-12-01,Educação,5.8592,0.24
2023-12-01,Habitação,15.3578,0.34
2023-12-01,Saúde e cuidados pessoais,13.3257,0.35
2023-12-01,Transportes,20.9421,0.48
2023-12-01,Vestuário,4.7589,0.7
2024-01-01,Alimentação e bebidas,21.1197,1.38
2024-01-01,Artigos de residência,3.7896,0.22
2024-01-01,Comunicação,4.7978,-0.08
2024-01-01,Despesas pessoais,10.1385,0.82
2024-01-01,Educação,5.8409,0.33
2024-01-01,Habitação,15.3241,0.25
2024-01-01,Saúde e cuidados pessoais,13.297,0.83
2024-01-01,Transportes,20.9268,-0.65
2024-01-01,Vestuário,4.7657,0.14
2024-02-01,Alimentação e bebidas,21.3172,0.95
2024-02-01,Artigos de residência,3.7819,-0.07
2024-02-01,Comunicação,4.7745,1.56
2024-02-01,Despesas pessoais,10.1814,0.05
2024-02-01,Educação,5.8369,4.98
2024-02-01,Habitação,15.2997,0.27
2024-02-01,Saúde e cuidados pessoais,13.351,0.65
2024-02-01,Transportes,20.7059,0.72
2024-02-01,Vestuário,4.7514,-0.44
2024-03-01,Alimentação e bebidas,21.343,0.53
2024-03-01,Artigos de residência,3.7485,-0.04
2024-03-01,Comunicação,4.8093,-0.13
2024-03-01,Despesas pessoais,10.1033,0.33
2024-03-01,Educação,6.0766,0.14
2024-03-01,Habitação,15.2141,0.19
2024-03-01,Saúde e cuidados pessoais,13.3281,0.43
2024-03-01,Transportes,20.6851,-0.33
2024-03-01,Vestuário,4.692,0.03
2024-04-01,Alimentação e bebidas,21.419,0.7
2024-04-01,Artigos de residência,3.7408,-0.26
2024-04-01,Comunicação,4.7957,0.48
2024-04-01,Despesas pessoais,10.1206,0.1
2024-04-01,Educação,6.0751,0.05
2024-04-01,Habitação,15.2173,-0.01
2024-04-01,Saúde e cuidados pessoais,13.363,1.16
2024-04-01,Transportes,20.5834,0.14
2024-04-01,Vestuário,4.6851,0.55
2024-05-01,Alimentação e bebidas,21.4858,0.62
2024-05-01,Artigos de residência,3.7165,-0.53
2024-05-01,Comunicação,4.8004,0.14
2024-05-01,Despesas pessoais,10.0915,0.22
2024-05-01,Educação,6.0552,0.09
2024-05-01,Habitação,15.1591,0.67
2024-05-01,Saúde e cuidados pessoais,13.4649,0.69
2024-05-01,Transportes,20.5342,0.44
2024-05-01,Vestuário,4.6925,0.5
2024-06-01,Alimentação e bebidas,21.5202,0.44
2024-06-01,Artigos de residência,3.6797,0.19
2024-06-01,Comunicação,4.7847,-0.08
2024-06-01,Despesas pessoais,10.0679,0.29
2024-06-01,Educação,6.0335,0.06
2024-06-01,Habitação,15.1924,0.25
2024-06-01,Saúde e cuidados pessoais,13.4957,0.54
2024-06-01,Transportes,20.5315,-0.19
2024-06-01,Vestuário,4.6943,0.02
2024-07-01,Alimentação e bebidas,21.5722,-1.0
2024-07-01,Artigos de residência,3.6791,0.48
2024-07-01,Comunicação,4.7711,0.18
2024-07-01,Despesas pessoais,10.0757,0.52
2024-07-01,Educação,6.024,0.08
2024-07-01,Habitação,15.1999,0.77
2024-07-01,Saúde e cuidados pessoais,13.5415,0.22
2024-07-01,Transportes,20.4504,1.82
2024-07-01,Vestuário,4.6862,-0.02
2024-08-01,Alimentação e bebidas,21.2748,-0.44
2024-08-01,Artigos de residência,3.683,0.74
2024-08-01,Comunicação,4.7613,0.1
2024-08-01,Despesas pessoais,10.0883,0.25
2024-08-01,Educação,6.0049,0.73
2024-08-01,Habitação,15.257,-0.51
2024-08-01,Saúde e cuidados pessoais,13.5199,0.25
2024-08-01,Transportes,20.7431,0.0
2024-08-01,Vestuário,4.6677,0.39
2024-09-01,Alimentação e bebidas,21.1867,0.5
2024-09-01,Artigos de residência,3.7109,-0.19
2024-09-01,Comunicação,4.7664,-0.05
2024-09-01,Despesas pessoais,10.1138,-0.31
2024-09-01,Educação,6.0489,0.05
2024-09-01,Habitação,15.1815,1.8
2024-09-01,Saúde e cuidados pessoais,13.5554,0.46
2024-09-01,Transportes,20.7491,0.14
2024-09-01,Vestuário,4.6875,0.18
2024-10-01,Alimentação e bebidas,21.1993,1.06
2024-10-01,Artigos de residência,3.6874,0.43
2024-10-01,Comunicação,4.7434,0.52
2024-10-01,Despesas pessoais,10.0383,0.7
2024-10-01,Educação,6.0259,0.04
2024-10-01,Habitação,15.3869,1.49
2024-10-01,Saúde e cuidados pessoais,13.5592,0.38
2024-10-01,Transportes,20.6841,-0.38
2024-10-01,Vestuário,4.6755,0.37
2024-11-01,Alimentação e bebidas,21.306,1.55
2024-11-01,Artigos de residência,3.6831,-0.31
2024-11-01,Comunicação,4.7417,-0.1
2024-11-01,Despesas pessoais,10.0522,1.43
2024-11-01,Educação,5.9945,-0.04
2024-11-01,Habitação,15.5282,-1.53
2024-11-01,Saúde e cuidados pessoais,13.5351,-0.06
2024-11-01,Transportes,20.4918,0.89
2024-11-01,Vestuário,4.6672,-0.12
2024-12-01,Alimentação e bebidas,21.5527,1.18
2024-12-01,Artigos de residência,3.6577,0.65
2024-12-01,Comunicação,4.719,0.37
2024-12-01,Despesas pessoais,10.1565,0.62
2024-12-01,Educação,5.9691,0.11
2024-12-01,Habitação,15.2305,-0.56
2024-12-01,Saúde e cuidados pessoais,13.4757,0.38
2024-12-01,Transportes,20.5948,0.67
2024-12-01,Vestuário,4.6439,1.14
2025-01-01,Alimentação e bebidas,21.6924,0.96
2025-01-01,Artigos de residência,3.6626,-0.09
2025-01-01,Comunicação,4.7124,-0.17
2025-01-01,Despesas pessoais,10.1671,0.51
2025-01-01,Educação,5.9449,0.26
2025-01-01,Habitação,15.0661,-3.08
2025-01-01,Saúde e cuidados pessoais,13.4564,0.7
2025-01-01,Transportes,20.6258,1.3
2025-01-01,Vestuário,4.6724,-0.14
2025-02-01,Alimentação e bebidas,21.8672,0.7
2025-02-01,Artigos de residência,3.6538,0.44
2025-02-01,Comunicação,4.6969,0.17
2025-02-01,Despesas pessoais,10.2028,0.13
2025-02-01,Educação,5.9504,4.7
2025-02-01,Habitação,14.58,4.44
2025-02-01,Saúde e cuidados pessoais,13.5283,0.49
2025-02-01,Transportes,20.862,0.61
2025-02-01,Vestuário,4.6586,0.0
2025-03-01,Alimentação e bebidas,21.7355,1.17
2025-03-01,Artigos de residência,3.6222,0.13
2025-03-01,Comunicação,4.6439,0.24
2025-03-01,Despesas pessoais,10.0846,0.7
2025-03-01,Educação,6.1503,0.1
2025-03-01,Habitação,15.0305,0.24
2025-03-01,Saúde e cuidados pessoais,13.4185,0.43
2025-03-01,Transportes,20.7167,0.46
2025-03-01,Vestuário,4.5978,0.59
2025-04-01,Alimentação e bebidas,21.8666,0.82
2025-04-01,Artigos de residência,3.6067,0.53
2025-04-01,Comunicação,4.6287,0.69
2025-04-01,Despesas pessoais,10.0981,0.54
2025-04-01,Educação,6.1217,0.05
2025-04-01,Habitação,14.9813,0.14
2025-04-01,Saúde e cuidados pessoais,13.4023,1.18
2025-04-01,Transportes,20.695,-0.38
2025-04-01,Vestuário,4.5996,1.02
2025-05-01,Alimentação e bebidas,21.9501,0.17
2025-05-01,Artigos de residência,3.6097,-0.27
2025-05-01,Comunicação,4.6402,0.07
2025-05-01,Despesas pessoais,10.1083,0.35
2025-05-01,Educação,6.0987,0.05
2025-05-01,Habitação,14.9378,1.19
2025-05-01,Saúde e cuidados pessoais,13.5019,0.54
2025-05-01,Transportes,20.527,-0.37
2025-05-01,Vestuário,4.6263,0.41
2025-06-01,Alimentação e bebidas,21.9292,-0.18
2025-06-01,Artigos de residência,3.5906,0.08
2025-06-01,Comunicação,4.6318,0.11
2025-06-01,Despesas pessoais,10.1178,0.23
2025-06-01,Educação,6.0857,0.0
2025-06-01,Habitação,15.0764,0.99
2025-06-01,Saúde e cuidados pessoais,13.539,0.07
2025-06-01,Transportes,20.3969,0.27
2025-06-01,Vestuário,4.6325,0.75
2025-07-01,Alimentação e bebidas,21.8364,-0.27
2025-07-01,Artigos de residência,3.585,0.09
2025-07-01,Comunicação,4.6262,-0.09
2025-07-01,Despesas pessoais,10.117,0.76
2025-07-01,Educação,6.0711,0.02
2025-07-01,Habitação,15.1893,0.91
2025-07-01,Saúde e cuidados pessoais,13.5154,0.45
2025-07-01,Transportes,20.4033,0.35
2025-07-01,Vestuário,4.6563,-0.54
2025-08-01,Alimentação e bebidas,21.7224,-0.46
2025-08-01,Artigos de residência,3.5789,-0.09
2025-08-01,Comunicação,4.6097,-0.09
2025-08-01,Despesas pessoais,10.1664,0.4
2025-08-01,Educação,6.0555,0.75
2025-08-01,Habitação,15.2858,-0.9
2025-08-01,Saúde e cuidados pessoais,13.5412,0.54
2025-08-01,Transportes,20.4208,-0.27
2025-08-01,Vestuário,4.6194,0.72
2025-09-01,Alimentação e bebidas,21.6477,-0.26
2025-09-01,Artigos de residência,3.5799,-0.4
2025-09-01,Comunicação,4.6107,-0.17
2025-09-01,Despesas pessoais,10.2173,0.51
2025-09-01,Educação,6.1065,0.07
2025-09-01,Habitação,15.1636,2.97
2025-09-01,Saúde e cuidados pessoais,13.6288,0.17
2025-09-01,Transportes,20.3871,0.01
2025-09-01,Vestuário,4.6584,0.63
2025-10-01,Alimentação e bebidas,21.4882,0.01
2025-10-01,Artigos de residência,3.5485,-0.34
2025-10-01,Comunicação,4.5808,-0.16
2025-10-01,Despesas pessoais,10.2196,0.45
2025-10-01,Educação,6.081,0.06
2025-10-01,Habitação,15.5382,-0.3
2025-10-01,Saúde e cuidados pessoais,13.5865,0.41
2025-10-01,Transportes,20.2916,0.11
2025-10-01,Vestuário,4.6654,0.51
2025-11-01,Alimentação e bebidas,21.4722,-0.01
2025-11-01,Artigos de residência,3.5331,-1.0
2025-11-01,Comunicação,4.5697,-0.2
2025-11-01,Despesas pessoais,10.2567,0.77
2025-11-01,Educação,6.0795,0.01
2025-11-01,Habitação,15.4783,0.52
2025-11-01,Saúde e cuidados pessoais,13.6303,-0.04
2025-11-01,Transportes,20.2954,0.22
2025-11-01,Vestuário,4.6849,0.49
2025-12-01,Alimentação e bebidas,21.4332,0.27
2025-12-01,Artigos de residência,3.4919,0.64
2025-12-01,Comunicação,4.5529,0.37
2025-12-01,Despesas pessoais,10.3169,0.36
2025-12-01,Educação,6.0689,0.08
2025-12-01,Habitação,15.5314,-0.33
2025-12-01,Saúde e cuidados pessoais,13.6015,0.52
2025-12-01,Transportes,20.3033,0.74
2025-12-01,Vestuário,4.7001,0.45
2026-01-01,Alimentação e bebidas,21.4221,0.23
2026-01-01,Artigos de residência,3.5028,0.2
2026-01-01,Comunicação,4.5542,0.82
2026-01-01,Despesas pessoais,10.3196,0.41
2026-01-01,Educação,6.0534,0.02
2026-01-01,Habitação,15.429,-0.11
2026-01-01,Saúde e cuidados pessoais,13.6259,0.7
2026-01-01,Transportes,20.3868,0.6
2026-01-01,Vestuário,4.7062,-0.25
2026-02-01,Alimentação e bebidas,21.4014,0.26
2026-02-01,Artigos de residência,3.4983,0.13
2026-02-01,Comunicação,4.5768,0.15
2026-02-01,Despesas pessoais,10.328,0.33
2026-02-01,Educação,6.0348,5.21
2026-02-01,Habitação,15.3627,0.3
2026-02-01,Saúde e cuidados pessoais,13.6769,0.59
2026-02-01,Transportes,20.4422,0.74
2026-02-01,Vestuário,4.6789,0.16
2026-03-01,Alimentação e bebidas,21.3095,1.56
2026-03-01,Artigos de residência,3.4789,0.51
2026-03-01,Comunicação,4.5518,0.19
2026-03-01,Despesas pessoais,10.2891,0.65
2026-03-01,Educação,6.3035,0.02
2026-03-01,Habitação,15.2989,0.22
2026-03-01,Saúde e cuidados pessoais,13.6621,0.42
2026-03-01,Transportes,20.4516,1.64
2026-03-01,Vestuário,4.6546,0.46
2026-04-01,Alimentação e bebidas,21.4524,1.34
2026-04-01,Artigos de residência,3.466,0.65
2026-04-01,Comunicação,4.521,0.57
2026-04-01,Despesas pessoais,10.2667,0.35
2026-04-01,Educação,6.2508,0.06
2026-04-01,Habitação,15.2007,0.63
2026-04-01,Saúde e cuidados pessoais,13.5984,1.16
2026-04-01,Transportes,20.6094,0.06
2026-04-01,Vestuário,4.6345,0.52
2026-05-01,Alimentação e bebidas,21.5939,1.33
2026-05-01,Artigos de residência,3.4654,0.08
2026-05-01,Comunicação,4.5171,0.23
2026-05-01,Despesas pessoais,10.2357,0.41
2026-05-01,Educação,6.2144,0.0
2026-05-01,Habitação,15.1949,1.22
2026-05-01,Saúde e cuidados pessoais,13.6659,0.9
2026-05-01,Transportes,20.4854,-0.46
2026-05-01,Vestuário,4.6271,0.62
2026-06-01,Alimentação e bebidas,21.753,-0.24
2026-06-01,Artigos de residência,3.448,0.23
2026-06-01,Comunicação,4.5015,0.19
2026-06-01,Despesas pessoais,10.2184,0.25
2026-06-01,Educação,6.178,-0.02
2026-06-01,Habitação,15.2915,0.63
2026-06-01,Saúde e cuidados pessoais,13.7078,0.23
2026-06-01,Transportes,20.2731,0.17
2026-06-01,Vestuário,4.6287,0.17
2026-07-01,Alimentação e bebidas,21.6675,-0.67
2026-07-01,Artigos de residência,3.4504,0.07
2026-07-01,Comunicação,4.5026,0.04
2026-07-01,Despesas pessoais,10.2281,0.22
2026-07-01,Educação,6.1673,-0.03
2026-07-01,Habitação,15.3642,0.99
2026-07-01,Saúde e cuidados pessoais,13.7181,0.4
2026-07-01,Transportes,20.2729,0.05
2026-07-01,Vestuário,4.6289,-0.66
2026-08-01,Alimentação e bebidas,21.5115,-0.34
2026-08-01,Artigos de residência,3.451,0.64
2026-08-01,Comunicação,4.5011,-0.09
2026-08-01,Despesas pessoais,10.2426,1.3
2026-08-01,Educação,6.1601,0.47
2026-08-01,Habitação,15.503,-1.87
2026-08-01,Saúde e cuidados pessoais,13.7648,0.23
2026-08-01,Transportes,20.2696,-0.86
2026-08-01,Vestuário,4.5963,0.12
