data,acum_12m,meta
1995-12-01,22.408880161162557,3.0
1996-01-01,21.975574390680563,3.0
1996-02-01,21.987648789254145,3.0
1996-03-01,20.54614038406357,3.0
1996-04-01,19.169209951091283,3.0
1996-05-01,17.486192960450573,3.0
1996-06-01,16.256873319655686,3.0
1996-07-01,14.837167461414523,3.0
1996-08-01,14.211754627433093,3.0
1996-09-01,13.261780631126108,3.0
1996-10-01,12.022054997554,3.0
1996-11-01,10.752464347635948,3.0
1996-12-01,9.563805563282601,3.0
1997-01-01,9.390821461347244,3.0
1997-02-01,8.816960871675716,3.0
1997-03-01,8.990460759463147,3.0
1997-04-01,8.581450537375556,3.0
1997-05-01,7.712541478540569,3.0
1997-06-01,7.020643544346972,3.0
1997-07-01,6.078616319003594,3.0
1997-08-01,5.59279230957761,3.0
1997-09-01,5.497901133263472,3.0
1997-10-01,5.424273485413766,3.0
1997-11-01,5.266641497546765,3.0
1997-12-01,5.224731816448935,3.0
1998-01-01,4.73594328162259,3.0
1998-02-01,4.69425733404778,3.0
1998-03-01,4.517180190014525,3.0
1998-04-01,3.8541052958669164,3.0
1998-05-01,3.947192333777738,3.0
1998-06-01,3.409570093738301,3.0
1998-07-01,3.0587493610315875,3.0
1998-08-01,2.5536604713845668,3.0
1998-09-01,2.2666824089021764,3.0
1998-10-01,2.0524151904459,3.0
1998-11-01,1.756965450950787,3.0
1998-12-01,1.655644167020709,3.0
1999-01-01,1.6455502692779955,3.0
1999-02-01,2.242512987363532,3.0
1999-03-01,3.016923091712709,3.0
1999-04-01,3.345787969898506,3.0
1999-05-01,3.140124710256975,3.0
1999-06-01,3.315427861634146,3.0
1999-07-01,4.567046481103243,3.0
1999-08-01,5.691649353098227,3.0
1999-09-01,6.253050176481123,3.0
1999-10-01,7.495962281125035,3.0
1999-11-01,8.647550983976494,3.0
1999-12-01,8.939934506010495,3.0
2000-01-01,8.853388381278805,3.0
2000-02-01,7.862343182755538,3.0
2000-03-01,6.923482035368611,3.0
2000-04-01,6.774622772391692,3.0
2000-05-01,6.465902527087675,3.0
2000-06-01,6.508408127457854,3.0
2000-07-01,7.056280045810559,3.0
2000-08-01,7.854730821808564,3.0
2000-09-01,7.768713690258933,3.0
2000-10-01,6.650449539900483,3.0
2000-11-01,5.9848746690720045,3.0
2000-12-01,5.974339393259931,3.0
2001-01-01,5.921678719739165,3.0
2001-02-01,6.270766445470799,3.0
2001-03-01,6.440426419839973,3.0
2001-04-01,6.610018814056007,3.0
2001-05-01,7.0364162495687,3.0
2001-06-01,7.346109562073644,3.0
2001-07-01,7.050302941884956,3.0
2001-08-01,6.405739870178762,3.0
2001-09-01,6.4588206543103155,3.0
2001-10-01,7.192359562353801,3.0
2001-11-01,7.609076271178772,3.0
2001-12-01,7.673263015152032,3.0
2002-01-01,7.619731513205497,3.0
2002-02-01,7.512604565651104,3.0
2002-03-01,7.748236892852156,3.0
2002-04-01,7.983916074761366,3.0
2002-05-01,7.7688300951282985,3.0
2002-06-01,7.66161876395528,3.0
2002-07-01,7.512870845007735,3.0
2002-08-01,7.459488088878108,3.0
2002-09-01,7.930989632148044,3.0
2002-10-01,8.444793807725093,3.0
2002-11-01,10.932207904595792,3.0
2002-12-01,12.530337079575006,3.0
2003-01-01,14.46704105040335,3.0
2003-02-01,15.847123948679442,3.0
2003-03-01,16.572607925694083,3.0
2003-04-01,16.769208554140192,3.0
2003-05-01,17.235306582497145,3.0
2003-06-01,16.569860209742515,3.0
2003-07-01,15.429390186937454,3.0
2003-08-01,15.073869958840591,3.0
2003-09-01,15.142420715368864,3.0
2003-10-01,13.983154412637822,3.0
2003-11-01,11.017954899670745,3.0
2003-12-01,9.299949329235124,3.0
2004-01-01,7.707216571283482,3.0
2004-02-01,6.689209995439915,3.0
2004-03-01,5.888224125672692,3.0
2004-04-01,5.258998271702198,3.0
2004-05-01,5.154377460379522,3.0
2004-06-01,6.0600636358019155,3.0
2004-07-01,6.811587040806089,3.0
2004-08-01,7.184160844516296,3.0
2004-09-01,6.705565167000627,3.0
2004-10-01,6.865160687740968,3.0
2004-11-01,7.237921363849287,3.0
2004-12-01,7.600644138060408,3.0
2005-01-01,7.408423852780088,3.0
2005-02-01,7.387072411799478,3.0
2005-03-01,7.53671101175617,3.0
2005-04-01,8.072412471414282,3.0
2005-05-01,8.05090766344061,3.0
2005-06-01,7.267696834383841,3.0
2005-07-01,6.566114435110215,3.0
2005-08-01,6.015768030241286,3.0
2005-09-01,6.036901443583309,3.0
2005-10-01,6.364175830754859,3.0
2005-11-01,6.216286421515571,3.0
2005-12-01,5.68973334585865,3.0
2006-01-01,5.700241372637915,3.0
2006-02-01,5.511096890611156,3.0
2006-03-01,5.322328403976528,3.0
2006-04-01,4.63319648421221,3.0
2006-05-01,4.227116808335563,3.0
2006-06-01,4.029045672172504,3.0
2006-07-01,3.9667838992016646,3.0
2006-08-01,3.8422354908168144,3.0
2006-09-01,3.697363413400634,3.0
2006-10-01,3.265076637880737,3.0
2006-11-01,3.018596096925097,3.0
2006-12-01,3.1417749683044116,3.0
2007-01-01,2.98796975660105,3.0
2007-02-01,3.018739989572805,3.0
2007-03-01,2.957193395931723,3.0
2007-04-01,2.9982899704835475,3.0
2007-05-01,3.183501680720169,3.0
2007-06-01,3.6901648315724955,3.0
2007-07-01,3.741911595137548,3.0
2007-08-01,4.177409874697302,3.0
2007-09-01,4.146222145965228,3.0
2007-10-01,4.115081044954727,3.0
2007-11-01,4.187736370177997,3.0
2007-12-01,4.457330433237816,3.0
2008-01-01,4.561330164851984,3.0
2008-02-01,4.613381802727745,3.0
2008-03-01,4.728032315812292,3.0
2008-04-01,5.041432911271104,3.0
2008-05-01,5.575648415706214,3.0
2008-06-01,6.05994038091584,3.0
2008-07-01,6.366777798218992,3.0
2008-08-01,6.165626332292251,3.0
2008-09-01,6.2504062295430485,3.0
2008-10-01,6.409305142149502,3.0
2008-11-01,6.388103846046267,3.0
2008-12-01,5.902313417525473,3.0
2009-01-01,5.839113310055333,3.0
2009-02-01,5.902307128331796,3.0
2009-03-01,5.607197196047409,3.0
2009-04-01,5.533676521719033,3.0
2009-05-01,5.198615737048362,3.0
2009-06-01,4.8017974525528695,3.0
2009-07-01,4.499474551316984,3.0
2009-08-01,4.364004550402889,3.0
2009-09-01,4.343185878040923,3.0
2009-10-01,4.166597111497716,3.0
2009-11-01,4.218493582756877,3.0
2009-12-01,4.312028329689976,3.0
2010-01-01,4.59232538033707,3.0
2010-02-01,4.831571873002205,3.0
2010-03-01,5.166363320101608,3.0
2010-04-01,5.260560898712385,3.0
2010-05-01,5.218653638475956,3.0
2010-06-01,4.841225227656443,3.0
2010-07-01,4.6006677475849855,3.0
2010-08-01,4.485779345665519,3.0
2010-09-01,4.704674134797493,3.0
2010-10-01,5.195412037104585,3.0
2010-11-01,5.635428699345257,3.0
2010-12-01,5.909068347266211,3.0
2011-01-01,5.993164877963819,3.0
2011-02-01,6.014199441345025,3.0
2011-03-01,6.298957040321995,3.0
2011-04-01,6.510350014450106,3.0
2011-05-01,6.5527717410316155,3.0
2011-06-01,6.712600898643162,3.0
2011-07-01,6.872653794701455,3.0
2011-08-01,7.2251925367271985,3.0
2011-09-01,7.310588409329877,3.0
2011-10-01,6.9697508084267445,3.0
2011-11-01,6.640874256303286,3.0
2011-12-01,6.503109040628829,3.0
2012-01-01,6.21791773406366,3.0
2012-02-01,5.8491055197092745,3.0
2012-03-01,5.239992698978724,3.0
2012-04-01,5.10422611119592,3.0
2012-05-01,4.9891523093423595,3.0
2012-06-01,4.915769976225448,3.0
2012-07-01,5.198590043054341,3.0
2012-08-01,5.240514359102222,3.0
2012-09-01,5.282388631203716,3.0
2012-10-01,5.450119211518278,3.0
2012-11-01,5.534042903688174,3.0
2012-12-01,5.838568997639171,3.0
2013-01-01,6.1543165185151905,3.0
2013-02-01,6.312834661648847,3.0
2013-03-01,6.588668780120321,3.0
2013-04-01,6.493349024653217,3.0
2013-05-01,6.503960159470323,3.0
2013-06-01,6.695514044649253,3.0
2013-07-01,6.270559293898881,3.0
2013-08-01,6.090637024404177,3.0
2013-09-01,5.858560459371187,3.0
2013-10-01,5.83751292771606,3.0
2013-11-01,5.774389162550464,3.0
2013-12-01,5.910818080013747,3.0
2014-01-01,5.585294050618539,3.0
2014-02-01,5.679754055236441,3.0
2014-03-01,6.153088277639673,3.0
2014-04-01,6.279775205469762,3.0
2014-05-01,6.37507439614915,3.0
2014-06-01,6.523613299155984,3.0
2014-07-01,6.502314965996114,3.0
2014-08-01,6.512939698135556,3.0
2014-09-01,6.746450876347665,3.0
2014-10-01,6.587238709384868,3.0
2014-11-01,6.55543428168166,3.0
2014-12-01,6.407616596391974,3.0
2015-01-01,7.137813070300547,3.0
2015-02-01,7.701752298895825,3.0
2015-03-01,8.128632014705971,3.0
2015-04-01,8.171595611413963,3.0
2015-05-01,8.473089208578966,3.0
2015-06-01,8.894448818054524,3.0
2015-07-01,9.558638536872754,3.0
2015-08-01,9.52585290938044,3.0
2015-09-01,9.493181381218129,3.0
2015-10-01,9.929322314821931,3.0
2015-11-01,10.476179952444099,3.0
2015-12-01,10.673497995621716,3.0
2016-01-01,10.706293382226528,3.0
2016-02-01,10.35630312454705,3.0
2016-03-01,9.386927781269838,3.0
2016-04-01,9.27831202535554,3.0
2016-05-01,9.321702262411446,3.0
2016-06-01,8.84445700995129,3.0
2016-07-01,8.73628323037472,3.0
2016-08-01,8.974977925153048,3.0
2016-09-01,8.476385426191712,3.0
2016-10-01,7.873858389505872,3.0
2016-11-01,6.987458008718916,3.0
2016-12-01,6.288055054224473,3.0
2017-01-01,5.353954442016962,4.5
2017-02-01,4.758793351512036,4.5
2017-03-01,4.571034884885772,4.5
2017-04-01,4.082530895263514,4.5
2017-05-01,3.5971291337952405,4.5
2017-06-01,2.99836147163679,4.5
2017-07-01,2.711457957788199,4.5
2017-08-01,2.455804189474309,4.5
2017-09-01,2.5377033135266736,4.5
2017-10-01,2.701338188154323,4.5
2017-11-01,2.8038549960881287,4.5
2017-12-01,2.9473499083459087,4.5
2018-01-01,2.855048040526098,4.5
2018-02-01,2.8447963662471265,4.5
2018-03-01,2.680655045363345,4.5
2018-04-01,2.7626847278442,4.5
2018-05-01,2.8548853222565285,4.5
2018-06-01,4.3909560762924515,4.5
2018-07-01,4.4846829921629805,4.5
2018-08-01,4.192680684170136,4.5
2018-09-01,4.525564648017344,4.5
2018-10-01,4.556791166036045,4.5
2018-11-01,4.045893403058787,4.5
2018-12-01,3.745482121827348,4.5
2019-01-01,3.7765157688874673,4.25
2019-02-01,3.8903058081077413,4.25
2019-03-01,4.575365272922949,4.25
2019-04-01,4.940575588683482,4.25
2019-05-01,4.658364877439025,4.25
2019-06-01,3.366413898801901,4.25
2019-07-01,3.222176901434848,4.25
2019-08-01,3.4288072225266975,4.25
2019-09-01,2.8935466755948713,4.25
2019-10-01,2.5350325756799297,4.25
2019-11-01,3.2748384024610333,4.25
2019-12-01,4.306039984113186,4.25
2020-01-01,4.1916693262358695,4.0
2020-02-01,4.004927312109352,4.0
2020-03-01,3.302958571938297,4.0
2020-04-01,2.39904484475022,4.0
2020-05-01,1.8774877402777834,4.0
2020-06-01,2.1321559928031864,4.0
2020-07-01,2.305451396723557,4.0
2020-08-01,2.438302347493404,4.0
2020-09-01,3.135161547136245,4.0
2020-10-01,3.9182057307108664,4.0
2020-11-01,4.311091196611461,4.0
2020-12-01,4.517341500509886,4.0
2021-01-01,4.559060826525441,3.75
2021-02-01,5.195280548262882,3.75
2021-03-01,6.09932712837189,3.75
2021-04-01,6.7591885269032925,3.75
2021-05-01,8.055902220112966,3.75
2021-06-01,8.346896570795526,3.75
2021-07-01,8.994646052087663,3.75
2021-08-01,9.679668268895437,3.75
2021-09-01,10.246375616866722,3.75
2021-10-01,10.672670347092584,3.75
2021-11-01,10.738488170671022,3.75
2021-12-01,10.061054893257904,3.75
2022-01-01,10.379435999682297,3.5
2022-02-01,10.543593400038787,3.5
2022-03-01,11.299315974556002,3.5
2022-04-01,12.13148113237592,3.5
2022-05-01,11.73113070881493,3.5
2022-06-01,11.886729617590742,3.5
2022-07-01,10.06923519828753,3.5
2022-08-01,8.727060525006136,3.5
2022-09-01,7.168596332032062,3.5
2022-10-01,6.470015852238076,3.5
2022-11-01,5.900488278585692,3.5
2022-12-01,5.784841959607756,3.5
2023-01-01,5.774320292414625,3.25
2023-02-01,5.596301933344128,3.25
2023-03-01,4.65069442734789,3.25
2023-04-01,4.184705782064824,3.25
2023-05-01,3.935832194051536,3.25
2023-06-01,3.161501468457617,3.25
2023-07-01,3.992443888662711,3.25
2023-08-01,4.608216087521688,3.25
2023-09-01,5.185234629775626,3.25
2023-10-01,4.819245643589931,3.25
2023-11-01,4.683537029570672,3.25
2023-12-01,4.621113930566789,3.25
2024-01-01,4.5066374306924395,3.0
2024-02-01,4.496273821268559,3.0
2024-03-01,3.925596126881703,3.0
2024-04-01,3.6880164915653157,3.0
2024-05-01,3.92595167856582,3.0
2024-06-01,4.227578239682583,3.0
2024-07-01,4.498245142821999,3.0
2024-08-01,4.2375990160564925,3.0
2024-09-01,4.4247401273958875,3.0
2024-10-01,4.7580992339478545,3.0
2024-11-01,4.87301138907088,3.0
2024-12-01,4.831295791859591,3.0
2025-01-01,4.559874392677332,3.0
2025-02-01,5.057630414778758,3.0
2025-03-01,5.477189641674851,3.0
2025-04-01,5.52972858849774,3.0
2025-05-01,5.319635559255276,3.0
2025-06-01,5.35116523759851,3.0
2025-07-01,5.225222422012621,3.0
2025-08-01,5.130500777503921,3.0
2025-09-01,5.172368758697643,3.0
2025-10-01,4.680811347037062,3.0
2025-11-01,4.4618356484328325,3.0
2025-12-01,4.264384904568952,3.0
2026-01-01,4.44135121281346,3.0
2026-02-01,3.812496961112588,3.0
2026-03-01,4.142846991219562,3.0
2026-04-01,4.39171967147336,3.0
2026-05-01,4.7249068876600075,3.0
2026-06-01,4.641327552554153,3.0
2026-07-01,4.44302461783459,3.0
2026-08-01,4.223452737068278,3.0
2026-09-01,4.576119675071877,3.0
