data,contribuicao,ipca,diferenca
2020-01-01,0.21349851,0.21,0.0034985100000000102
2020-02-01,0.24762553000000004,0.25,-0.002374469999999962
2020-03-01,0.06680820999999995,0.07,-0.0031917900000000554
2020-04-01,-0.30845708000000005,-0.31,0.0015429199999999477
2020-05-01,-0.37620437,-0.38,0.0037956299999999943
2020-06-01,0.2588092,0.26,-0.0011907999999999919
2020-07-01,0.35909653,0.36,-0.0009034699999999618
2020-08-01,0.24402019999999996,0.24,0.004020199999999974
2020-09-01,0.63497502,0.64,-0.005024980000000068
2020-10-01,0.86063936,0.86,0.0006393599999999777
2020-11-01,0.8925985700000001,0.89,0.0025985700000000778
2020-12-01,1.34695143,1.35,-0.003048570000000028
2021-01-01,0.2500701,0.25,7.010000000001737e-05
2021-02-01,0.85519203,0.86,-0.004807969999999995
2021-03-01,0.9281845900000001,0.93,-0.0018154099999999618
2021-04-01,0.30551069999999997,0.31,-0.004489300000000029
2021-05-01,0.82818339,0.83,-0.0018166099999999963
2021-06-01,0.5323766400000001,0.53,0.002376640000000041
2021-07-01,0.95605242,0.96,-0.003947579999999951
2021-08-01,0.8727117600000001,0.87,0.002711760000000063
2021-09-01,1.16092354,1.16,0.000923540000000056
2021-10-01,1.2481817099999999,1.25,-0.0018182900000001112
2021-11-01,0.94616431,0.95,-0.003835689999999947
2021-12-01,0.73022665,0.73,0.0002266499999999949
2022-01-01,0.5388662700000001,0.54,-0.001133729999999944
2022-02-01,1.00869086,1.01,-0.001309140000000042
2022-03-01,1.6171310499999998,1.62,-0.0028689500000003143
2022-04-01,1.05624724,1.06,-0.0037527600000000216
2022-05-01,0.4651153900000001,0.47,-0.0048846099999999
2022-06-01,0.66979745,0.67,-0.00020255000000002354
2022-07-01,-0.6797996,-0.68,0.0002004000000001005
2022-08-01,-0.36503901000000005,-0.36,-0.005039010000000066
2022-09-01,-0.28553856000000005,-0.29,0.004461439999999928
2022-10-01,0.59474253,0.59,0.0047425300000000226
2022-11-01,0.40666853999999997,0.41,-0.0033314600000000083
2022-12-01,0.62067984,0.62,0.0006798399999999871
2023-01-01,0.5260408599999999,0.53,-0.003959140000000083
2023-02-01,0.8391365300000001,0.84,-0.0008634699999998663
2023-03-01,0.7071052599999998,0.71,-0.0028947400000001178
2023-04-01,0.60792666,0.61,-0.0020733400000000346
2023-05-01,0.23196601000000003,0.23,0.001966010000000018
2023-06-01,-0.07344453000000001,-0.08,0.006555469999999994
2023-07-01,0.12223280999999997,0.12,0.002232809999999974
2023-08-01,0.23334870000000005,0.23,0.0033487000000000378
2023-09-01,0.25599002,0.26,-0.004009980000000024
2023-10-01,0.24377092,0.24,0.003770920000000011
2023-11-01,0.2754557,0.28,-0.004544300000000001
2023-12-01,0.5592814300000001,0.56,-0.000718569999999974
2024-01-01,0.41768454,0.42,-0.0023154599999999914
2024-02-01,0.8263836,0.83,-0.003616399999999964
2024-03-01,0.16657893000000001,0.16,0.006578930000000011
2024-04-01,0.38445830999999997,0.38,0.004458309999999965
2024-05-01,0.45617281000000004,0.46,-0.0038271899999999803
2024-06-01,0.20345635,0.21,-0.006543649999999984
2024-07-01,0.38582906999999994,0.38,0.005829069999999936
2024-08-01,-0.018344019999999996,-0.02,0.0016559800000000048
2024-09-01,0.44127933999999996,0.44,0.0012793399999999622
2024-10-01,0.55740208,0.56,-0.0025979200000000313
2024-11-01,0.38650621000000007,0.39,-0.003493789999999941
2024-12-01,0.521936,0.52,0.0019359999999999378
2025-01-01,0.15600152999999997,0.16,-0.003998470000000032
2025-02-01,1.31096316,1.31,0.0009631599999999629
2025-03-01,0.5630986599999999,0.56,0.003098659999999809
2025-04-01,0.43534612999999994,0.43,0.005346129999999949
2025-05-01,0.26293352999999997,0.26,0.002933529999999962
2025-06-01,0.24031487999999998,0.24,0.0003148799999999896
2025-07-01,0.26351752,0.26,0.003517519999999996
2025-08-01,-0.10753713000000001,-0.11,0.002462869999999992
2025-09-01,0.48285548000000006,0.48,0.002855480000000077
2025-10-01,0.08759578999999999,0.09,-0.002404210000000004
2025-11-01,0.17560785,0.18,-0.004392149999999984
2025-12-01,0.32992854,0.33,-7.146000000002317e-05
2026-01-01,0.32610660999999996,0.33,-0.003893390000000052
2026-02-01,0.70109244,0.7,0.0010924400000000833
2026-03-01,0.87481466,0.88,-0.005185340000000038
2026-04-01,0.66541568,0.67,-0.004584320000000086
2026-05-01,0.5851529500000001,0.58,0.005152950000000156
2026-06-01,0.15878389999999998,0.16,-0.0012161000000000255
2026-07-01,0.06625939000000003,0.07,-0.0037406099999999776
2026-08-01,-0.32004748000000005,-0.32,-4.7480000000044154e-05
2026-09-01,0.82216194,0.82,0.002161940000000029
