data,categoria,contribuicao
2020-01-01,Alimentação e bebidas,0.07545837
2020-01-01,Demais grupos,0.02966399
2020-01-01,Habitação,0.08576975
2020-01-01,Saúde e cuidados pessoais,-0.043306880000000006
2020-01-01,Transportes,0.06591328
2020-02-01,Alimentação e bebidas,0.02131976
2020-02-01,Demais grupos,0.23648871000000005
2020-02-01,Habitação,-0.06101979
2020-02-01,Saúde e cuidados pessoais,0.09826676
2020-02-01,Transportes,-0.04742991
2020-03-01,Alimentação e bebidas,0.21870584999999998
2020-03-01,Demais grupos,-0.015781110000000015
2020-03-01,Habitação,0.020211100000000003
2020-03-01,Saúde e cuidados pessoais,0.02840187
2020-03-01,Transportes,-0.18472950000000002
2020-04-01,Alimentação e bebidas,0.35010252000000003
2020-04-01,Demais grupos,-0.0724335
2020-04-01,Habitação,-0.0155544
2020-04-01,Saúde e cuidados pessoais,-0.029796359999999997
2020-04-01,Transportes,-0.54077534
2020-05-01,Alimentação e bebidas,0.04792704
2020-05-01,Demais grupos,0.005600239999999996
2020-05-01,Habitação,-0.03896375
2020-05-01,Saúde e cuidados pessoais,-0.0135533
2020-05-01,Transportes,-0.3772146
2020-06-01,Alimentação e bebidas,0.07635605999999999
2020-06-01,Demais grupos,0.06803752000000002
2020-06-01,Habitação,0.00624192
2020-06-01,Saúde e cuidados pessoais,0.047570249999999994
2020-06-01,Transportes,0.060603449999999996
2020-07-01,Alimentação e bebidas,0.00201194
2020-07-01,Demais grupos,0.020106209999999996
2020-07-01,Habitação,0.1245672
2020-07-01,Saúde e cuidados pessoais,0.05986112
2020-07-01,Transportes,0.15255006000000002
2020-08-01,Alimentação e bebidas,0.15636972
2020-08-01,Demais grupos,-0.19777660000000002
2020-08-01,Habitação,0.05630472
2020-08-01,Saúde e cuidados pessoais,0.068076
2020-08-01,Transportes,0.16104636
2020-09-01,Alimentação e bebidas,0.45954083999999995
2020-09-01,Demais grupos,0.06659127000000001
2020-09-01,Habitação,0.05794089
2020-09-01,Saúde e cuidados pessoais,-0.08736128000000001
2020-09-01,Transportes,0.13826329999999998
2020-10-01,Alimentação e bebidas,0.39530838999999995
2020-10-01,Demais grupos,0.13618516
2020-10-01,Habitação,0.056231279999999995
2020-10-01,Saúde e cuidados pessoais,0.037738400000000005
2020-10-01,Transportes,0.23517612999999998
2020-11-01,Alimentação e bebidas,0.5257419
2020-11-01,Demais grupos,0.05218970999999999
2020-11-01,Habitação,0.06838744000000001
2020-11-01,Saúde e cuidados pessoais,-0.01742091
2020-11-01,Transportes,0.26370043000000004
2020-12-01,Alimentação e bebidas,0.3660438
2020-12-01,Demais grupos,0.21143835
2020-12-01,Habitação,0.44559647999999996
2020-12-01,Saúde e cuidados pessoais,0.05306280000000001
2020-12-01,Transportes,0.27081000000000005
2021-01-01,Alimentação e bebidas,0.21538218
2021-01-01,Demais grupos,0.07904066000000001
2021-01-01,Habitação,-0.16805955
2021-01-01,Saúde e cuidados pessoais,0.04205408
2021-01-01,Transportes,0.08165272999999999
2021-02-01,Alimentação e bebidas,0.05745033
2021-02-01,Demais grupos,0.19940886000000002
2021-02-01,Habitação,0.061998
2021-02-01,Saúde e cuidados pessoais,0.08153868000000002
2021-02-01,Transportes,0.45479615999999995
2021-03-01,Alimentação e bebidas,0.02749981
2021-03-01,Demais grupos,0.007619609999999999
2021-03-01,Habitação,0.1249911
2021-03-01,Saúde e cuidados pessoais,-0.00262416
2021-03-01,Transportes,0.77069823
2021-04-01,Alimentação e bebidas,0.0839492
2021-04-01,Demais grupos,0.049604659999999995
2021-04-01,Habitação,0.03391256
2021-04-01,Saúde e cuidados pessoais,0.15468571999999997
2021-04-01,Transportes,-0.01664144
2021-05-01,Alimentação e bebidas,0.09242067999999999
2021-05-01,Demais grupos,0.12365206000000001
2021-05-01,Habitação,0.2741378
2021-05-01,Saúde e cuidados pessoais,0.0996664
2021-05-01,Transportes,0.23830645
2021-06-01,Alimentação e bebidas,0.08996889999999999
2021-06-01,Demais grupos,0.11932886000000001
2021-06-01,Habitação,0.17100490000000002
2021-06-01,Saúde e cuidados pessoais,0.06683703
2021-06-01,Transportes,0.08523695
2021-07-01,Alimentação e bebidas,0.12540300000000001
2021-07-01,Demais grupos,0.11552937
2021-07-01,Habitação,0.484685
2021-07-01,Saúde e cuidados pessoais,-0.08517015
2021-07-01,Transportes,0.31560520000000003
2021-08-01,Alimentação e bebidas,0.2894953
2021-08-01,Demais grupos,0.17499794000000002
2021-08-01,Habitação,0.10858172000000002
2021-08-01,Saúde e cuidados pessoais,-0.00515864
2021-08-01,Transportes,0.30479544000000003
2021-09-01,Alimentação e bebidas,0.21355536
2021-09-01,Demais grupos,0.10742186000000001
2021-09-01,Habitação,0.40800000000000003
2021-09-01,Saúde e cuidados pessoais,0.049848239999999995
2021-09-01,Transportes,0.38209808
2021-10-01,Alimentação e bebidas,0.24461774999999997
2021-10-01,Demais grupos,0.23245755
2021-10-01,Habitação,0.16804736
2021-10-01,Saúde e cuidados pessoais,0.04946877000000001
2021-10-01,Transportes,0.55359028
2021-11-01,Alimentação e bebidas,-0.0083576
2021-11-01,Demais grupos,0.14277509
2021-11-01,Habitação,0.16608853
2021-11-01,Saúde e cuidados pessoais,-0.07169060999999999
2021-11-01,Transportes,0.7173489
2021-12-01,Alimentação e bebidas,0.17380776
2021-12-01,Demais grupos,0.2169259
2021-12-01,Habitação,0.11944044
2021-12-01,Saúde e cuidados pessoais,0.09291074999999999
2021-12-01,Transportes,0.1271418
2022-01-01,Alimentação e bebidas,0.22991097000000005
2022-01-01,Demais grupos,0.26260536
2022-01-01,Habitação,0.02582768
2022-01-01,Saúde e cuidados pessoais,0.04460148
2022-01-01,Transportes,-0.024079220000000002
2022-02-01,Alimentação e bebidas,0.26661888
2022-02-01,Demais grupos,0.49706306
2022-02-01,Habitação,0.08683362
2022-02-01,Saúde e cuidados pessoais,0.05812208
2022-02-01,Transportes,0.10005322
2022-03-01,Alimentação e bebidas,0.5054460399999999
2022-03-01,Demais grupos,0.16610344
2022-03-01,Habitação,0.18405404999999997
2022-03-01,Saúde e cuidados pessoais,0.10825320000000001
2022-03-01,Transportes,0.65327432
2022-04-01,Alimentação e bebidas,0.4336609
2022-04-01,Demais grupos,0.1692343
2022-04-01,Habitação,-0.18162138
2022-04-01,Saúde e cuidados pessoais,0.21620019000000001
2022-04-01,Transportes,0.41877323
2022-05-01,Alimentação e bebidas,0.10204992
2022-05-01,Demais grupos,0.20745975
2022-05-01,Habitação,-0.26493649999999996
2022-05-01,Saúde e cuidados pessoais,0.12423606
2022-05-01,Transportes,0.29630616000000004
2022-06-01,Alimentação e bebidas,0.17008800000000002
2022-06-01,Demais grupos,0.15669098
2022-06-01,Habitação,0.06251844
2022-06-01,Saúde e cuidados pessoais,0.15334956
2022-06-01,Transportes,0.12715047
2022-07-01,Alimentação e bebidas,0.27675439999999996
2022-07-01,Demais grupos,0.14727401999999998
2022-07-01,Habitação,-0.15971445
2022-07-01,Saúde e cuidados pessoais,0.060935420000000004
2022-07-01,Transportes,-1.00504899
2022-08-01,Alimentação e bebidas,0.05211696
2022-08-01,Demais grupos,0.12519185
2022-08-01,Habitação,0.0151476
2022-08-01,Saúde e cuidados pessoais,0.16482027
2022-08-01,Transportes,-0.7223156900000001
2022-09-01,Alimentação e bebidas,-0.11144316000000001
2022-09-01,Demais grupos,0.07330646999999998
2022-09-01,Habitação,0.0912702
2022-09-01,Saúde e cuidados pessoais,0.07292636999999999
2022-09-01,Transportes,-0.41159844
2022-10-01,Alimentação e bebidas,0.15697944
2022-10-01,Demais grupos,0.11738381
2022-10-01,Habitação,0.05217742
2022-10-01,Saúde e cuidados pessoais,0.14968756
2022-10-01,Transportes,0.11851429999999999
2022-11-01,Alimentação e bebidas,0.11569635
2022-11-01,Demais grupos,0.04071235999999999
2022-11-01,Habitação,0.07806671999999999
2022-11-01,Saúde e cuidados pessoais,0.00259506
2022-11-01,Transportes,0.16959805
2022-12-01,Alimentação e bebidas,0.14426676
2022-12-01,Demais grupos,0.19586488000000002
2022-12-01,Habitação,0.0306476
2022-12-01,Saúde e cuidados pessoais,0.20681280000000002
2022-12-01,Transportes,0.043087799999999996
2023-01-01,Alimentação e bebidas,0.12900055
2023-01-01,Demais grupos,0.21340233
2023-01-01,Habitação,0.050361960000000004
2023-01-01,Saúde e cuidados pessoais,0.02088352
2023-01-01,Transportes,0.1123925
2023-02-01,Alimentação e bebidas,0.03500752
2023-02-01,Demais grupos,0.43976371000000003
2023-02-01,Habitação,0.12489091999999999
2023-02-01,Saúde e cuidados pessoais,0.16383528000000003
2023-02-01,Transportes,0.07563910000000001
2023-03-01,Alimentação e bebidas,0.010866300000000002
2023-03-01,Demais grupos,0.07305485
2023-03-01,Habitação,0.08680017
2023-03-01,Saúde e cuidados pessoais,0.10707068
2023-03-01,Transportes,0.4293132599999999
2023-04-01,Alimentação e bebidas,0.15330461999999997
2023-04-01,Demais grupos,0.07131988
2023-04-01,Habitação,0.07299936
2023-04-01,Saúde e cuidados pessoais,0.19479664
2023-04-01,Transportes,0.11550616000000001
2023-05-01,Alimentação e bebidas,0.034585120000000004
2023-05-01,Demais grupos,0.090474
2023-05-01,Habitação,0.10175625
2023-05-01,Saúde e cuidados pessoais,0.12265956000000001
2023-05-01,Transportes,-0.11750891999999999
2023-06-01,Alimentação e bebidas,-0.14255736
2023-06-01,Demais grupos,0.03309725
2023-06-01,Habitação,0.10525535999999999
2023-06-01,Saúde e cuidados pessoais,0.014609320000000002
2023-06-01,Transportes,-0.0838491
2023-07-01,Alimentação e bebidas,-0.09877534
2023-07-01,Demais grupos,0.03591875
2023-07-01,Habitação,-0.15524912000000002
2023-07-01,Saúde e cuidados pessoais,0.03459352
2023-07-01,Transportes,0.305745
2023-08-01,Alimentação e bebidas,-0.18144524999999997
2023-08-01,Demais grupos,0.09855471
2023-08-01,Habitação,0.16870890000000002
2023-08-01,Saúde e cuidados pessoais,0.07727919999999999
2023-08-01,Transportes,0.07025114
2023-09-01,Alimentação e bebidas,-0.1499094
2023-09-01,Demais grupos,0.03890226
2023-09-01,Habitação,0.0720604
2023-09-01,Saúde e cuidados pessoais,0.005348160000000001
2023-09-01,Transportes,0.2895886
2023-10-01,Alimentação e bebidas,0.06482534000000001
2023-10-01,Demais grupos,0.05995080999999999
2023-10-01,Habitação,0.0030727
2023-10-01,Saúde e cuidados pessoais,0.042694720000000005
2023-10-01,Transportes,0.07322735
2023-11-01,Alimentação e bebidas,0.13184829
2023-11-01,Demais grupos,0.002799990000000009
2023-11-01,Habitação,0.07358112
2023-11-01,Saúde e cuidados pessoais,0.01068128
2023-11-01,Transportes,0.05654502
2023-12-01,Alimentação e bebidas,0.23315106000000005
2023-12-01,Demais grupos,0.12675182000000002
2023-12-01,Habitação,0.052216519999999995
2023-12-01,Saúde e cuidados pessoais,0.04663995
2023-12-01,Transportes,0.10052208
2024-01-01,Alimentação e bebidas,0.29145186
2024-01-01,Demais grupos,0.11358153000000001
2024-01-01,Habitação,0.03831025
2024-01-01,Saúde e cuidados pessoais,0.1103651
2024-01-01,Transportes,-0.1360242
2024-02-01,Alimentação e bebidas,0.20251339999999998
2024-02-01,Demais grupos,0.34669703
2024-02-01,Habitação,0.04130919
2024-02-01,Saúde e cuidados pessoais,0.08678150000000001
2024-02-01,Transportes,0.14908248
2024-03-01,Alimentação e bebidas,0.11311790000000001
2024-03-01,Demais grupos,0.035504240000000006
2024-03-01,Habitação,0.02890679
2024-03-01,Saúde e cuidados pessoais,0.05731083
2024-03-01,Transportes,-0.06826083
2024-04-01,Alimentação e bebidas,0.14993299999999998
2024-04-01,Demais grupos,0.05221948
2024-04-01,Habitação,-0.00152173
2024-04-01,Saúde e cuidados pessoais,0.15501079999999998
2024-04-01,Transportes,0.028816760000000007
2024-05-01,Alimentação e bebidas,0.13321196000000002
2024-05-01,Demais grupos,0.03813659
2024-05-01,Habitação,0.10156597000000002
2024-05-01,Saúde e cuidados pessoais,0.09290781
2024-05-01,Transportes,0.09035048
2024-06-01,Alimentação e bebidas,0.09468888
2024-06-01,Demais grupos,0.03691954
2024-06-01,Habitação,0.037981
2024-06-01,Saúde e cuidados pessoais,0.07287678
2024-06-01,Transportes,-0.039009850000000006
2024-07-01,Alimentação e bebidas,-0.215722
2024-07-01,Demais grupos,0.08252326
2024-07-01,Habitação,0.11703923
2024-07-01,Saúde e cuidados pessoais,0.0297913
2024-07-01,Transportes,0.37219727999999996
2024-08-01,Alimentação e bebidas,-0.09360911999999999
2024-08-01,Demais grupos,0.11927605
2024-08-01,Habitação,-0.0778107
2024-08-01,Saúde e cuidados pessoais,0.033799749999999996
2024-08-01,Transportes,0.0
2024-09-01,Alimentação e bebidas,0.10593349999999999
2024-09-01,Demais grupos,-0.029324740000000002
2024-09-01,Habitação,0.273267
2024-09-01,Saúde e cuidados pessoais,0.06235484
2024-09-01,Transportes,0.02904874
2024-10-01,Alimentação e bebidas,0.22471258000000002
2024-10-01,Demais grupos,0.13049931
2024-10-01,Habitação,0.22926481
2024-10-01,Saúde e cuidados pessoais,0.05152496
2024-10-01,Transportes,-0.07859958
2024-11-01,Alimentação e bebidas,0.33024300000000006
2024-11-01,Demais grupos,0.11958870999999999
2024-11-01,Habitação,-0.23758146
2024-11-01,Saúde e cuidados pessoais,-0.00812106
2024-11-01,Transportes,0.18237702000000003
2024-12-01,Alimentação e bebidas,0.25432186
2024-12-01,Demais grupos,0.16371212
2024-12-01,Habitação,-0.0852908
2024-12-01,Saúde e cuidados pessoais,0.051207659999999995
2024-12-01,Transportes,0.13798516000000002
2025-01-01,Alimentação e bebidas,0.20824703999999997
2025-01-01,Demais grupos,0.049460170000000005
2025-01-01,Habitação,-0.46403588
2025-01-01,Saúde e cuidados pessoais,0.0941948
2025-01-01,Transportes,0.2681354
2025-02-01,Alimentação e bebidas,0.1530704
2025-02-01,Demais grupos,0.31699389000000006
2025-02-01,Habitação,0.647352
2025-02-01,Saúde e cuidados pessoais,0.06628867
2025-02-01,Transportes,0.1272582
2025-03-01,Alimentação e bebidas,0.25430534999999993
2025-03-01,Demais grupos,0.11972374
2025-03-01,Habitação,0.0360732
2025-03-01,Saúde e cuidados pessoais,0.057699549999999995
2025-03-01,Transportes,0.09529681999999999
2025-04-01,Alimentação e bebidas,0.17930611999999996
2025-04-01,Demais grupos,0.15556005
2025-04-01,Habitação,0.02097382
2025-04-01,Saúde e cuidados pessoais,0.15814714
2025-04-01,Transportes,-0.078641
2025-05-01,Alimentação e bebidas,0.03731517
2025-05-01,Demais grupos,0.05089817999999999
2025-05-01,Habitação,0.17775981999999999
2025-05-01,Saúde e cuidados pessoais,0.07291026
2025-05-01,Transportes,-0.0759499
2025-06-01,Alimentação e bebidas,-0.039472560000000004
2025-06-01,Demais grupos,0.06598215
2025-06-01,Habitação,0.14925635999999998
2025-06-01,Saúde e cuidados pessoais,0.009477300000000001
2025-06-01,Transportes,0.05507163
2025-07-01,Alimentação e bebidas,-0.05895828000000001
2025-07-01,Demais grupos,0.05202232000000001
2025-07-01,Habitação,0.13822262999999999
2025-07-01,Saúde e cuidados pessoais,0.0608193
2025-07-01,Transportes,0.07141155
2025-08-01,Alimentação e bebidas,-0.09992304
2025-08-01,Demais grupos,0.11197178999999999
2025-08-01,Habitação,-0.1375722
2025-08-01,Saúde e cuidados pessoais,0.07312248
2025-08-01,Transportes,-0.05513616000000001
2025-09-01,Alimentação e bebidas,-0.056284020000000004
2025-09-01,Demais grupos,0.06357291000000001
2025-09-01,Habitação,0.45035892000000005
2025-09-01,Saúde e cuidados pessoais,0.023168960000000002
2025-09-01,Transportes,0.00203871
2025-10-01,Alimentação e bebidas,0.00214882
2025-10-01,Demais grupos,0.05403616
2025-10-01,Habitação,-0.0466146
2025-10-01,Saúde e cuidados pessoais,0.055704649999999994
2025-10-01,Transportes,0.02232076
2025-11-01,Alimentação e bebidas,-0.00214722
2025-11-01,Demais grupos,0.058070150000000015
2025-11-01,Habitação,0.08048716
2025-11-01,Saúde e cuidados pessoais,-0.00545212
2025-11-01,Transportes,0.04464988
2025-12-01,Alimentação e bebidas,0.05786964
2025-12-01,Demais grupos,0.1023403
2025-12-01,Habitação,-0.05125362
2025-12-01,Saúde e cuidados pessoais,0.0707278
2025-12-01,Transportes,0.15024442000000002
2026-01-01,Alimentação e bebidas,0.04927083000000001
2026-01-01,Demais grupos,0.07610557999999999
2026-01-01,Habitação,-0.016971899999999998
2026-01-01,Saúde e cuidados pessoais,0.09538129999999999
2026-01-01,Transportes,0.1223208
2026-02-01,Alimentação e bebidas,0.05564364
2026-02-01,Demais grupos,0.36739471
2026-02-01,Habitação,0.0460881
2026-02-01,Saúde e cuidados pessoais,0.08069371
2026-02-01,Transportes,0.15127227999999998
2026-03-01,Alimentação e bebidas,0.3324282
2026-03-01,Demais grupos,0.11594182
2026-03-01,Habitação,0.03365758
2026-03-01,Saúde e cuidados pessoais,0.057380820000000006
2026-03-01,Transportes,0.33540623999999997
2026-04-01,Alimentação e bebidas,0.28746216
2026-04-01,Demais grupos,0.11208203
2026-04-01,Habitação,0.09576441
2026-04-01,Saúde e cuidados pessoais,0.15774143999999998
2026-04-01,Transportes,0.01236564
2026-05-01,Alimentação e bebidas,0.28719887000000005
2026-05-01,Demais grupos,0.08381604000000001
2026-05-01,Habitação,0.18537778
2026-05-01,Saúde e cuidados pessoais,0.12299310000000001
2026-05-01,Transportes,-0.09423283999999998
2026-06-01,Alimentação e bebidas,-0.0522072
2026-06-01,Demais grupos,0.04866244
2026-06-01,Habitação,0.09633644999999999
2026-06-01,Saúde e cuidados pessoais,0.031527940000000004
2026-06-01,Transportes,0.034464270000000005
2026-07-01,Alimentação e bebidas,-0.14517225
2026-07-01,Demais grupos,-0.00568279
2026-07-01,Habitação,0.15210558000000002
2026-07-01,Saúde e cuidados pessoais,0.0548724
2026-07-01,Transportes,0.010136450000000002
2026-08-01,Alimentação e bebidas,-0.07313910000000001
2026-08-01,Demais grupos,0.18565724
2026-08-01,Habitação,-0.2899061
2026-08-01,Saúde e cuidados pessoais,0.03165904
2026-08-01,Transportes,-0.17431856
