data,ipca,sarima,sazonal,focus
2023-09-01,0.26,0.34598095316806043,0.303,0.38
2023-10-01,0.24,0.4326519494107498,0.6004999999999999,0.35
2023-11-01,0.28,0.33202972706301254,0.4266666666666667,0.3
2023-12-01,0.56,0.437695663447346,0.6928333333333333,0.43
2024-01-01,0.42,0.489641758957288,0.2640000000000001,0.4
2024-02-01,0.83,0.5077660938497816,0.5683333333333334,0.7
2024-03-01,0.16,0.7205422683287744,0.7141666666666666,0.22
2024-04-01,0.38,0.25830469308528226,0.3216666666666667,0.32
2024-05-01,0.46,0.35737138136175395,0.12383333333333335,0.31
2024-06-01,0.21,0.4163796138070812,0.1561666666666668,0.31
2024-07-01,0.38,0.2515948372244062,0.0641666666666667,0.25
2024-08-01,-0.02,0.3672618992381806,0.10966666666666663,0.1
2024-09-01,0.44,0.20046885486859473,0.20249999999999999,0.51
2024-10-01,0.56,0.5108151286160347,0.4743333333333333,0.425
2024-11-01,0.39,0.5123714959035215,0.5031666666666668,0.2
2024-12-01,0.52,0.5254764887613249,0.802,0.5775
2025-01-01,0.16,0.46997207142802927,0.3371666666666667,0.0
2025-02-01,1.31,0.37344285515594056,0.6781666666666667,1.37
2025-03-01,0.56,0.9066739501013504,0.6628333333333334,0.56
2025-04-01,0.43,0.5135716627112914,0.3925000000000001,0.46
2025-05-01,0.26,0.40700923083652146,0.27466666666666667,0.38
2025-06-01,0.24,0.2951406449640299,0.22,0.27
2025-07-01,0.26,0.26221582840786606,0.10999999999999999,0.26
2025-08-01,-0.11,0.2576883181928421,0.06916666666666665,-0.0791
2025-09-01,0.48,0.17980081632125067,0.28349999999999986,0.59
2025-10-01,0.09,0.5255874061796929,0.5413333333333333,0.25
2025-11-01,0.18,0.2675286832839928,0.4025,0.2175
2025-12-01,0.33,0.3806848340196778,0.5685,0.42
2026-01-01,0.33,0.3207061749613109,0.2088333333333333,0.35
2026-02-01,0.7,0.5561664644527321,0.801,0.5
2026-03-01,0.88,0.5608443826990486,0.5921666666666667,0.32
2026-04-01,0.67,0.6333508879153146,0.38449999999999995,0.54
2026-05-01,0.58,0.5305028196198954,0.2845,0.41
2026-06-01,0.16,0.4662941151775113,0.184,0.32
2026-07-01,0.07,0.24236999344436835,0.07133333333333325,0.2703
2026-08-01,-0.32,0.13249478685702762,-0.012999999999999956,-0.17
