data,sarima,ic80_inf,ic80_sup,sazonal,acum_12m
2026-09-01,0.09057678847308664,-0.24920860899254582,0.4303621859387191,0.258,3.8195212911955156
2026-10-01,0.2762446957693862,-0.10434750031879181,0.6568368918575642,0.386904761904762,4.012705776736625
2026-11-01,0.3248429498193498,-0.07004596658868234,0.719731866227382,0.2888333333333334,4.16309015608769
2026-12-01,0.4770060189747963,0.07685843544159321,0.8771536025079993,0.40966666666666673,4.315712514384895
2027-01-01,0.40520616868490594,0.003096534293327069,0.8073158030764849,0.26830000000000004,4.393906325526564
2027-02-01,0.6028986062917943,0.2000500520628532,1.0057471605207353,0.8273636363636364,4.293243030602523
2027-03-01,0.5424737000018234,0.13934680711471142,0.9456005928889353,0.6940000000000002,3.9442966345386132
2027-04-01,0.46363992950342725,0.060408108752780465,0.866871750254074,0.5517727272727273,3.7312246927364567
2027-05-01,0.41266858367318987,0.009397196177984235,0.8159399711683955,0.3362333333333334,3.5586506944749186
2027-06-01,0.35164498916782927,-0.05164131846452985,0.7549312968001884,0.18511111111111117,3.756798622695512
2027-07-01,0.31792107696613153,-0.08537085296301311,0.7212130068952762,-0.019416666666666638,4.0138536567426275
2027-08-01,0.23616516526563677,-0.16712887234215726,0.6394592028734308,-0.16345238095238096,4.594199584801606
