data,ipca,focus_vespera,pesquisa_vespera,focus,surpresa,surpresa_meio_mes
2023-10-01,0.24,0.28,2023-11-09,0.35,-0.040000000000000036,-0.10999999999999999
2023-11-01,0.28,0.2888,2023-12-11,0.3,-0.008799999999999975,-0.019999999999999962
2023-12-01,0.56,0.42,2024-01-10,0.43,0.14000000000000007,0.13000000000000006
2024-01-01,0.42,0.37,2024-02-07,0.4,0.04999999999999999,0.019999999999999962
2024-02-01,0.83,0.77,2024-03-11,0.7,0.05999999999999994,0.13
2024-03-01,0.16,0.24,2024-04-09,0.22,-0.07999999999999999,-0.06
2024-04-01,0.38,0.35,2024-05-09,0.32,0.030000000000000027,0.06
2024-05-01,0.46,0.4,2024-06-10,0.31,0.06,0.15000000000000002
2024-06-01,0.21,0.32,2024-07-09,0.31,-0.11000000000000001,-0.1
2024-07-01,0.38,0.33,2024-08-08,0.25,0.04999999999999999,0.13
2024-08-01,-0.02,0.02,2024-09-09,0.1,-0.04,-0.12000000000000001
2024-09-01,0.44,0.47,2024-10-08,0.51,-0.02999999999999997,-0.07
2024-10-01,0.56,0.53,2024-11-07,0.425,0.030000000000000027,0.13500000000000006
2024-11-01,0.39,0.35,2024-12-09,0.2,0.040000000000000036,0.19
2024-12-01,0.52,0.58,2025-01-09,0.5775,-0.05999999999999994,-0.057499999999999996
2025-01-01,0.16,0.15,2025-02-10,0.0,0.010000000000000009,0.16
2025-02-01,1.31,1.34,2025-03-11,1.37,-0.030000000000000027,-0.06000000000000005
2025-03-01,0.56,0.5598,2025-04-10,0.56,0.000200000000000089,0.0
2025-04-01,0.43,0.43,2025-05-08,0.46,0.0,-0.030000000000000027
2025-05-01,0.26,0.36,2025-06-09,0.38,-0.09999999999999998,-0.12
2025-06-01,0.24,0.23,2025-07-09,0.27,0.009999999999999981,-0.030000000000000027
2025-07-01,0.26,0.34,2025-08-11,0.26,-0.08000000000000002,0.0
2025-08-01,-0.11,-0.15,2025-09-09,-0.0791,0.039999999999999994,-0.030899999999999997
2025-09-01,0.48,0.55,2025-10-08,0.59,-0.07000000000000006,-0.10999999999999999
2025-10-01,0.09,0.15,2025-11-10,0.25,-0.06,-0.16
2025-11-01,0.18,0.2,2025-12-09,0.2175,-0.020000000000000018,-0.037500000000000006
2025-12-01,0.33,0.3643,2026-01-08,0.42,-0.0343,-0.08999999999999997
2026-01-01,0.33,0.33,2026-02-09,0.35,0.0,-0.019999999999999962
2026-02-01,0.7,0.5,2026-03-11,0.5,0.19999999999999996,0.19999999999999996
2026-03-01,0.88,0.6,2026-04-09,0.32,0.28,0.56
2026-04-01,0.67,0.68,2026-05-11,0.54,-0.010000000000000009,0.13
2026-05-01,0.58,0.49,2026-06-11,0.41,0.08999999999999997,0.16999999999999998
2026-06-01,0.16,0.32,2026-07-09,0.32,-0.16,-0.16
2026-07-01,0.07,0.06,2026-08-10,0.2703,0.010000000000000009,-0.20029999999999998
2026-08-01,-0.32,-0.23,2026-09-10,-0.17,-0.09,-0.15
2026-09-01,0.82,0.6,2026-10-02,0.5,0.21999999999999997,0.31999999999999995
